{
  "metadata":{
    "template_author":"Santosh Bayas",
    "author-email":"Santosh.Bayas@amdocs.com",
    "template_name":"cookbook",
    "template_Type":"DEFAULT",
    "template_version":"1.0.1",
    "template_tags":"ONAP, CBA"
  },
  "topology_template":{
    "workflows":{
      "helloworld":{
        "steps":{
          "helloworld":{
            "description":"Printing hello world",
            "target":"helloworld"
          }
        },
        "inputs":{
          
        },
        "outputs":{
          "meshed-template":{
            "type":"json",
            "value":{
              "get_attribute":[
                "helloworld",
                "assignment-params"
              ]
            }
          }
        }
      }
    },
    "node_templates":{
      "helloworld":{
        "type":"component-resource-resolution",
        "interfaces":{
          "ResourceResolutionComponent":{
            "operations":{
              "process":{
                "inputs":{
                  "artifact-prefix-names":[
                    "helloworld"
                  ]
                }
              }
            }
          }
        },
        "artifacts":{
          "helloworld-template":{
            "type":"artifact-template-velocity",
            "file":"Templates/hello-world-template.vtl"
          },
          "helloworld-mapping":{
            "type":"artifact-mapping-resource",
            "file":"Templates/hello-world-mapping.json"
          }
        }
      }
    }
  }
}